auroc,aupr
0.9025694701395037,0.37316406040266625
0.9105507067438812,0.39873424471348445
0.8870552860997688,0.29949449572276965
0.9146675892175974,0.3249636565144298
0.8275087857560821,0.3178324809003451
0.872664897298134,0.3898521508568391
0.9026291322647504,0.41184127771076506
0.9186238500114489,0.3936668133772687
0.9122940762869438,0.36425324990442126
0.9128689147840354,0.38569578575065777
0.9054728849299568,0.3786446792553424
0.915070486490349,0.38134794604410127
0.8850320792183107,0.3558417992087327
0.9242915823678745,0.4534266867021083
0.8998057602170445,0.372862723335703
0.8725103300680052,0.26508249332447226
0.9215198798731404,0.39809255455628945
0.925789057617407,0.41283426936210343
0.9160885288980052,0.3898432559971894
0.8916622042494837,0.3701531406754924
0.9041698018598946,0.3879470475395136
0.9355765655061699,0.45912189775958
0.8954791920673779,0.3942896936355219
0.8958732023189783,0.39444437441429714
0.9081385616201529,0.39458941511562573
0.895094731408291,0.38011132440160567
0.8491849095076577,0.2996358853441502
0.8351902387181613,0.32925650426108616
0.9066378882680148,0.3915758642416463
0.8404121708398243,0.3261862935240791
0.9026802785415241,0.4236463769794673
0.8831722168849682,0.3460848019134348
0.8847426731318211,0.3977355019201432
0.9046957532170018,0.40655686338347546
0.9204283702684062,0.4486083268347176
0.9138436375070124,0.40854770807548807
0.8763635576215767,0.3448100896212174
0.875114624483002,0.3429030593777425
0.9148155418968624,0.4274606759368674
0.8962146724427764,0.39779590578047447
0.9180549130180571,0.41406811526932963
0.9149893236832409,0.40572086656941264
0.9164329273601541,0.4501345549084971
0.9135102250942528,0.38976664738678957
0.9218379738054667,0.44123059622898697
0.9148121585345008,0.4386205979931629
0.8991367436790862,0.4220096967046236
0.9103556791476963,0.3944321837086704
0.9466977264978682,0.3982360752093557
0.9023999259585833,0.3619653513780411
0.9133066336707311,0.45628445858790373
0.9177030216160723,0.39647733525140316
0.8800181600768244,0.4215993386409259
0.8769505394847738,0.3684245779805824
0.9089640964934622,0.4585354847880986
0.8705395649755514,0.38794322140568127
0.9060208559298274,0.4331414531285429
0.8685064879760964,0.42297116182184485
0.898781134023257,0.4773623836145685
0.893925034695364,0.45103852978030495
0.8929124531390753,0.4102646698506479
0.885578883942488,0.3911001830796973
0.8612133167349683,0.38989002404098616
0.8707462884933135,0.38319517581159535
0.906036721882799,0.43885733634555646
0.8517477039031195,0.3323409089880702
0.8731350510054139,0.2824655967465666
0.8935717016721021,0.3650387440997777
0.9023780687744455,0.4036162735610011
0.8917984443307241,0.4355175557621157
0.9157198760146329,0.44594038161887317
0.9121452174859049,0.44436341873371754
0.9057763450045204,0.44712583278733886
0.8515316192934348,0.27347867036446527
0.9153633684769499,0.47450104586959535
0.9145123577736309,0.4548952749227153
0.9180007629048523,0.44807847134175927
0.9202133667043805,0.47165625470133626
0.9176200752380759,0.4458432069982685
0.9056454019122014,0.4523701356965288
0.9184391555703462,0.4614278617283334
0.9253001977828401,0.5189264415740092
0.9016352547407894,0.44647494636622476
0.9118425924487024,0.4590613752403309
0.9147658749491309,0.38940805974653453
0.9102832558436541,0.46199867310911286
0.895353856068307,0.3834826132695388
0.9250450817174026,0.4861559843551617
0.9134140220649264,0.40770791160656367
0.9206353408157719,0.44519748675667725
0.910709540683201,0.44384487744201645
0.9082165933145152,0.40235750036502205
0.9167196883701071,0.43714234779748007
0.9156370339205788,0.43435311534881854
0.916362958657066,0.45098895375711945
0.9063414825456171,0.42018547836133224
0.9172428334420432,0.4854245319324222
0.9117395066451273,0.3892191388395822
0.9215168228363462,0.4840294512954413
0.9132371396583379,0.4118856110351709
0.9186604796786584,0.43762688767218466
0.907533567083083,0.43892872472298966
0.9112000360766022,0.4526373505348578
0.8967073047152188,0.3841159394513658
0.8971126105311275,0.4188796829484642
0.893532195709937,0.36976712201717077
0.9052599244355801,0.4215058207060661
0.9220783330216605,0.4125893418904076
0.9202691901614239,0.426053442332184
0.9172509487298103,0.44267616114562897
0.9163331749950648,0.457869810347851
0.9096717908600118,0.40725576011215137
0.9200584552772282,0.46295287634405236
0.9019570135506827,0.444887841517494
0.8995621531282598,0.40122145435948375
0.9204081171535571,0.44754133880914926
0.8969290929894126,0.4018237352311105
0.926433102829681,0.510216943013271
0.9136376753766563,0.44502356674624105
0.8677509531368067,0.3449116110964848
0.9194104672519345,0.35610658514728855
0.8829914026810257,0.291998037107573
0.8784232621885111,0.37476195832555725
0.8954561924147664,0.3960325231830989
0.9130880010516201,0.41597267938902766
0.976167495968673,0.6810015294931753
0.943170470557392,0.042644026674881194
0.9751968540405724,0.6510987230982678
0.8981934688841554,0.03245230338043546
0.940432942302101,0.16775238561009065
0.9742676333679673,0.6263256884983781
0.9771494837134076,0.3519402635406629
0.9813716295317396,0.17321920355038622
0.9564522567602376,0.40188419577176865
0.960012445849675,0.6396792167401397
0.7710880540997417,0.013986095313776056
0.8662594194617895,0.0881364727704761
0.9804364058043423,0.6537867761848317
0.9429695010238631,0.05064911179162325
0.9821097118158931,0.6506709945963864
0.9569661050069158,0.175781342581366
0.9731430535953945,0.6112843287559375
0.9619854926507634,0.07462273103010653
0.9695500920553577,0.6254406193854017
0.9834631054291543,0.15752516010692505
0.9789825567766551,0.6457827188413803
0.9835734340410748,0.3301365350908473
0.9134868224302481,0.1503612981014925
0.9477754407196408,0.1974649978940164
0.9667154570189048,0.6105886102759676
0.8735374096610059,0.00909313108269945
0.9606536184893557,0.2859085927530319
0.947024560810988,0.08606542727372753
0.9688984714488316,0.01680803058325619
0.895103559213831,0.08712855304003278
0.9792720679586933,0.6790009241648224
0.9591946858685549,0.4305311766413631
0.9274430890453951,0.25264275337692854
0.9513123767685797,0.42888066738146746
0.9818303000609053,0.3385729072640733
0.9775755123637374,0.636596636010585
0.9849985419533912,0.3443728629408826
0.9726263087928186,0.6034166452821226
0.9831842572550894,0.2727702564949139
0.9687634090617818,0.6223986055668473
0.9753967366463889,0.2761479645463353
0.8389555791424355,0.07076160845872663
0.9767952696154375,0.6169227135372739
0.9709767527579326,0.2263518061869623
0.9599107084647793,0.6578906177767933
0.8964145769399141,0.0821297874065273
0.8352512438192171,0.0723429069203105
0.9611412535709687,0.4185095313313718
0.9853198568622786,0.556315899898412
0.9854216558119855,0.5885594717702798
0.9221117372362733,0.25866217944576225
0.9282577308877592,0.26239644562349146
0.9219163918159586,0.30292387536324694
0.8668910937031218,0.04057165694496557
0.9231574201747756,0.3324048181733564
0.8996736261022644,0.015432343265075175
0.8319465652898419,0.10689120831605756
0.8733344201306565,0.08619679682259382
0.8661554337719272,0.12844626119792632
0.877377925164574,0.2355947217753962
0.8645566547518956,0.14561739001805668
0.9539956464002406,0.5953604738597966
0.9556816473735908,0.6161945180844258
0.8560137414620126,0.08328232346454742
0.9216728391604261,0.2812778887325683
0.9252365278390846,0.355336802794693
0.8649518964672095,0.17507357404180338
0.9341873646709589,0.22694708370263306
0.9611847384275423,0.31742331118291
0.9245937597238771,0.23610503043278963
0.9305717141601788,0.2887275921889254
0.896530522237992,0.12856835973898256
0.994383039117689,0.7323201264261011
0.8442799442169403,0.016438192397468833
0.802614902203309,0.053744751554262754
0.8258314443874784,0.05803889158760854
0.8917477804462638,0.03747787628923928
0.8518425158771575,0.044519174046735055
0.9640254580924659,0.5715547879791267
0.8610407522141327,0.1600808857592828
0.9658931221730117,0.2386574101797909
0.8861550193729195,0.14000778547779139
0.9028491256803922,0.11488270993921228
0.8647358144059282,0.12246606162846904
0.9376058331964152,0.11862237119993099
0.8643812819756869,0.05768085274237929
0.8974656543539409,0.1655030886944215
0.9563608311214045,0.24111996458542184
0.96364799273378,0.44515381590584074
0.9759806834352184,0.26682373514224406
0.8695994903881792,0.16271736886564397
0.9840552312098316,0.5139042450657891
0.8976963771852526,0.11723092454930541
0.8820531671497446,0.10186441390256396
0.8834341534611574,0.05689732268838532
0.8556114683631212,0.10522972112410069
0.8516626809909827,0.12370451048286457
0.8496260689320669,0.17513722660381695
0.9359739106406664,0.38061269471770715
0.9263025064769264,0.054833745150463735
0.8800602789833194,0.14427039631477806
0.883265970134686,0.12173827147875116
0.895390086316787,0.07949409659465448
0.8954302270401138,0.2853303588186319
0.8725014415119392,0.3301761742327217
0.950456346585973,0.5566410013694025
0.8908993615051389,0.16705614959837703
0.9342641417688478,0.33582818231182154
0.9754160338103157,0.5754512793898614
0.8870333853954429,0.30429484838874254
0.9480799006253925,0.02751301823309608
0.987019362010116,0.5340363701669372
0.9315615605405344,0.29736195228667484
0.907646385674292,0.14027055219875467
0.8474756105151153,0.06965681974919935
0.9480602280368329,0.33606801788403534
0.9228110749744115,0.14030683511632036
0.9234499892069286,0.13741370357592356
0.9775954579289817,0.3380318875409763
0.9344672081575766,0.38457346384881164
0.969623324270375,0.1806080687188391
0.9581081489921824,0.11425449361583961
0.8811873826914651,0.019297129023237887
0.8832872018274914,0.2797570268015147
0.892653053780208,0.30885336574893485
0.8961737873815423,0.12879331132845812
0.9325226572915338,0.33987432255010397
0.9517835522828042,0.33639876428250604
0.9559699913460058,0.34109780641047704
0.9411520296236933,0.24986429805215443
0.8859815046549059,0.28761486730886143
0.9174231259569631,0.4338099730370394
0.9657121582143887,0.3617743341542599
0.9360701211727533,0.3117558688040548
0.8792816530453899,0.10211758806307365
0.9796334735869299,0.2570288106700826
0.8788274822846229,0.02015276007823598
0.9813431113942211,0.5779487335576777
0.9417360873806199,0.14540638344613363
0.9280110425046597,0.0242814331947141
0.9807517539627704,0.32148368651289416
0.9127372921641451,0.05145467866875871
0.9410467719176304,0.13454547973225586
0.8645570216129882,0.027144359803012046
0.889511305059273,0.3132919038019875
0.9011573707680471,0.1065657477349631
0.892985394478554,0.2780117544170247
0.9225897189669863,0.4632756263869402
0.8494833767386024,0.014229457959041042
0.970887024335603,0.658941357143856
0.9336070950654491,0.013339807850692406
0.9430026083098405,0.16508927403903437
0.9499279084734659,0.39682665667282313
0.9017994559892355,0.20786783619486593
0.9691651407040047,0.23635391815342063
0.9722849750519281,0.2772689041003773
0.8613988951819447,0.07869805592929537
0.9680598452262092,0.5037126569456585
0.9544950099253279,0.2857726689610117
0.905572776409099,0.06434730603443962
0.9218609578635552,0.16807972748096384
0.9668860635537885,0.40498736228099796
0.9416037873091385,0.2882064961350759
0.8941370944142246,0.3994220198274293
0.9593563174839679,0.2868749727465848
0.9572694659260894,0.16517021056241007
0.9766217335077217,0.38739871335793535
0.8735927982111187,0.29204414998767186
0.9014717696133849,0.4515616194764904
0.9478888028016346,0.3469202314886858
0.9778035018238399,0.23561653236708427
0.9592235012079207,0.10191947723263073
0.9684860594934365,0.2532317901069694
0.9623072699565236,0.18673916420210068
0.984570395222375,0.6241385704298361
0.9532031980527231,0.32656758164682814
0.9379549159417021,0.2482786300628685
0.9124516433769468,0.2517870669623834
0.9121258839764946,0.2870363896687679
0.9143314140371448,0.25079040319158524
0.9840336858751464,0.5355411165588319
0.9176568871206027,0.1399563720223045
0.9450518363634799,0.23344063151525835
0.9395153972865381,0.22961089846553692
0.9357630534475381,0.19777004294506337
0.876832072001099,0.05358188978917737
0.8778824686947507,0.16873970270654345
0.873497052146391,0.12881364560904807
0.9636035497257954,0.3974031925305823
0.9302044676367482,0.34328113272755406
0.9012476249571975,0.18269555699366985
0.8998911652992193,0.3737858277646743
0.9433979287011783,0.4833851877634122
0.9746154920564272,0.5984994585729364
0.9131199695905241,0.1289042959273392
0.9400030575428309,0.30634053650024307
0.9182586715841043,0.23727098433226373
0.9650043112550151,0.25902160447125566
0.8467327054216445,0.03466899847379688
0.9837521134996251,0.5409759334986903
0.9479130505866004,0.03350473716977722
0.8792479359448242,0.1055758229586592
0.9741230143223875,0.3528614981411796
0.9606636939578734,0.4188410221175578
0.9440868780947802,0.14827317304438292
0.9576446900525167,0.11768858659092193
0.9007333498727892,0.33504576983711676
0.9140279760538728,0.39067515719130164
0.9538966691618392,0.1971826285831652
0.9069228497389581,0.03901330354133942
0.9290616500274527,0.09418386077564368
0.8373532236651327,0.11553942011755039
0.9307015993219221,0.20891324361997557
0.9807034357148566,0.5754319544931952
0.9882697527749679,0.28173455913222734
0.9567185303075442,0.3499216276047976
0.9167024760043133,0.23868523279790918
0.9478236957714651,0.3662179091503232
0.9701792665849165,0.3428534619305862
0.9713305063655139,0.23766788639531264
0.9638835680443332,0.40414940712970043
0.9286117118785934,0.1955606104039923
0.9329567951371858,0.08149927705095703
0.9335890657945616,0.412811663048253
0.8761324331136885,0.023335021262679747
0.8815446786857567,0.1147675767137586
0.9080480047905006,0.22782889485133398
0.9189196697913694,0.2813441955950499
0.9104296568221215,0.3079944194128042
0.9436425315680271,0.5452579737617301
0.9483218613598401,0.22113181444526284
0.9861241228668581,0.5457424053900659
0.9649028916634997,0.25452914063374676
0.98760150910392,0.45586256955106164
0.9629735746149758,0.2759030171486636
0.9862610098672797,0.3228859849327278
0.9073946196939153,0.09381777856615331
0.9109009122041968,0.1251685054856383
0.9664197403447834,0.4281926688694148
0.8659793365399032,0.06493485335279907
0.8958211277636742,0.2075191926826708
0.9839390596086592,0.18130271730613698
0.8834473041946727,0.10970978061456058
0.9678488113735255,0.3325790385911613
0.9782894824051327,0.406664209138031
0.9393839080701164,0.32882062798301026
0.9568642482681673,0.1797920274117771
0.9620075680175616,0.35016060949676975
0.953388902895934,0.3391596415056272
0.9202756818468719,0.1555242604610213
0.9779649373757873,0.14003278221653107
0.9513027110203728,0.28832241935610875
0.8732809868861698,0.2793806520047996
0.9187196157204469,0.06067128217390363
0.9243430341628347,0.22043922660964155
0.8950820895671138,0.21010919750223694
0.8925397316339125,0.25682145495759606
0.9443454110184597,0.25581541738826175
0.9256817497238224,0.24942617843932813
0.8858091924834941,0.2738242227244413
0.9894212133385014,0.5981861787840718
0.8603621390117904,0.17654114091826775
0.9513915744250009,0.5419991847960945
0.9718077756831753,0.34830039049860795
0.9242641202577568,0.2696139191346809
0.9336581259772383,0.25831748146808775
0.9649579454486908,0.3969503955077685
0.9859587208543401,0.6575063937083087
0.8251062300793623,0.015524987809998267
0.8128930666308726,0.037013665816980276
0.8128832587517916,0.036849744009998534
0.8844802697943384,0.19475923640784848
0.8075237511508869,0.10264368862083299
0.8469872238331976,0.07590596894887808
0.9653199205869682,0.36633241501711056
0.9060786387400984,0.3245468392427433
0.9459380103865183,0.12799263686678275
0.9636377198653765,0.45109417855539263
0.9656026141719382,0.30499834146666205
0.6298686741617949,0.007064271921725781
0.9859752476070226,0.6331666641923521
0.9653287995972548,0.5174215698934823
0.9195879644057108,0.1227165547077741
0.9893066907144925,0.5205752531832554
0.9200696543570352,0.1785688881608501
0.9994248683444764,0.5152263989726584
0.9859993277973744,0.37675250726179926
0.8652049638848951,0.06531582750606232
0.9203598250131276,0.28353440461923907
0.9300599001790494,0.08127440831204924
0.9774820318748288,0.5597039743093436
0.9621392317992681,0.18693827341802688
0.8874834301993787,0.21174819434038733
0.9565353590935928,0.39133288645862513
0.8856127166195391,0.08969182605205257
0.9349815926705325,0.04888224470538889
0.9443350813180238,0.3088347150977832
0.9391170575151491,0.37493145611479095
0.9218146157131518,0.3169337378606008
0.9873671565552944,0.3276941346848818
0.9029039106942731,0.1573394904750836
0.984280343641138,0.404833112471217
0.936832214097443,0.4026529884468821
0.9883055301887438,0.4737105902246172
0.9230090749701474,0.0859619559981744
0.8859059104333165,0.13175389346137723
0.9011436018727645,0.3651329403441789
0.9147050968626961,0.3193320836121545
0.9595745579418942,0.3858381113824214
0.545497725374709,1.1605856607592876e-05
0.9756770147620518,0.5958073822132901
0.9056602822020225,0.2080227583706799
0.9415869356060714,0.3076934852294704
0.9725377359638129,0.6518558218032575
0.9071946684848966,0.054908077578590384
0.876460210848271,0.054091514584534414
0.893558553755387,0.14479865409225365
0.8812951093693008,0.19715347170970332
0.9561421186093696,0.1019643491092158
0.9631784894859605,0.2882205620477852
0.8556202456757195,0.09031103741079609
0.8919454777440003,0.05672909328205084
0.9816280696354566,0.5925682407495282
0.42526802267589775,0.0002093603530684297
0.9131995295560416,0.0918534171895728
0.9085456004461889,0.2517996343590643
0.9043834394309471,0.35121558426683985
0.9280319710462757,0.13526175069867608
0.9363881893498925,0.4695106283552144
0.9312414996203783,0.23825817737325866
0.9672578880460823,0.5772196875889963
0.9087239617096471,0.1218155297648205
0.9250990055927705,0.4299969735628252
0.9242359552425257,0.059959683854969886
0.9670184047227744,0.5330717858145115
0.9162238864956845,0.16137798861073116
0.9592670877353232,0.5774444500879792
0.9262202121186438,0.11395007118922998
0.9368618957115278,0.4589572552350048
0.936428262687566,0.1028089437240641
0.9507215518323586,0.49895947608748803
0.9303815227804629,0.16042231096591913
0.9426300992688463,0.15299191292197759
0.9687580465953931,0.35723972763174344
0.938491416471742,0.04444788605003823
0.9590981247304762,0.25525360619666876
0.9420925503774822,0.09410413358901276
0.9647892450706463,0.14991526956693396
0.9364975030912578,0.13342516659920128
0.959049224030212,0.1903985366495608
0.9365594017651556,0.18043299447712424
0.9463460947697258,0.27241799074472456
0.9266170956478669,0.20629737380672988
0.9576933875430993,0.2089261626093724
0.9908795850967145,0.4526917418696143
0.977659923930291,0.6165009067921929
0.825261693248071,0.020357169306705027
0.9361637409462656,0.3346048177010117
0.9736640999731594,0.2208876674534506
0.9496087378031284,0.3576500282412616
0.9780188149638416,0.3532028251141898
0.948448554190362,0.5312847173077276
0.9478241819849395,0.4697323354945642
0.8828253369526496,0.18946599185916982
0.8843339161824808,0.14475650571943385
0.7827215055168633,0.09868082109761422
0.9911613061360419,0.5219186080180784
0.8253931526166294,0.050517100405292156
0.8458434169343872,0.1955537796690099
0.8911932952774374,0.17138647273960417
0.8882524548523099,0.1995753266351808
0.8964131941272623,0.12863354178487074
0.9174591674883438,0.06514544103420324
0.9003674098721334,0.008494715741924577
0.9333950128263284,0.20061146010541483
0.6615069126382016,0.00012843238884316935
0.7054181324043037,0.00016362222174562874
0.8698141658977893,0.008693280007542607
0.9228826038913409,0.34552825229855283
0.9677817439416849,0.2089940044529791
0.9386657349251113,0.35561718152548016
0.9420881134241502,0.28599816437075665
0.9479059696340318,0.2099771528032961
0.9083105977976206,0.1931795050257725
0.9835211097565053,0.24310575909079815
0.9608217589639952,0.18443833932776668
0.9679882681441654,0.2288957861873217
0.9668936343998302,0.3989888666089946
0.9531026270320679,0.350545823039777
0.9205432025739995,0.2107601801931649
0.9889974309462864,0.38589022727211764
0.9518317825684383,0.15863060429184178
0.9853288025977067,0.4253441369633338
0.9433613387975877,0.32604397693133824
0.9240763326674313,0.22215221799542703
0.9215582006200806,0.33732876798122663
0.9617223105469469,0.36849372187612484
0.9412665263721047,0.2844747809829339
0.96240596983459,0.3321836316427107
0.9368167974480404,0.2802918643849741
0.9683572984364348,0.43403530431755577
0.9063398556373844,0.21955115553753904
0.904076568808844,0.3077998363034314
0.9517193238179491,0.5478547692177871
0.8734029344041928,0.031094818580527327
0.9563000137129481,0.514485133467278
0.9092582491868654,0.23310511844107226
0.9039872511190027,0.040563544067394035
0.956052853900213,0.48043170225841775
0.7914958249136259,0.00436759073635203
0.8352128769771601,0.12308974364271559
0.9155218292502885,0.17667471352452022
0.8988048587034305,0.22929974119118493
0.8522360380954457,0.1539499480349697
0.8575088000653206,0.029905091005973154
0.9285122325681758,0.06969484311997158
0.8742694644177729,0.049692932116096294
0.9429177163939458,0.2510093898637278
0.8898091229309113,0.08019398127802356
0.961563654077356,0.3039209557434144
0.6845322733066679,1.2654490160314787e-05
0.8274811157253688,0.010183634889236095
0.8964204027731602,0.12211937755670199
0.9367781198779985,0.19191384895598662
0.9887810370608319,0.2702793091189505
0.9625763241438391,0.27276080714172735
0.9687053198160146,0.5083965582185781
0.9747784622284232,0.21002538550749125
0.9668138713538145,0.2932329910170547
0.9458785182834921,0.11128245439828513
0.9579269508192878,0.032099747439983915
0.9913796169462148,0.21137527587781707
0.9574592244666581,0.1939575057392616
0.9354513229497187,0.028037183299173644
0.9754683117476898,0.362887183559044
0.9676204958244067,0.4565060016315562
0.9547365260406309,0.458503154600465
0.9551795735949871,0.5865930841253767
0.9549943176077671,0.46480454425654005
0.9688319691829065,0.3176557134010039
0.9695151672781354,0.34463707353781636
0.9533500342197871,0.3871062720758063
0.9905237749983551,0.450013239078226
0.9276590202653845,0.08497035542607448
0.893648431808157,0.02701097883041822
0.9528824528176918,0.3717818927980895
0.9298529506271926,0.37680610606047726
0.8156652122211839,0.06818420474035146
0.9789496706735128,0.5703690833120272
0.8765838846808023,0.2143675396454062
0.976059672000651,0.5805077365454756
0.9727825270931407,0.15910623164893217
0.9387919897706499,0.31846459604060084
0.8426558136893278,0.025109827455810762
0.9501597751374209,0.12667219705734328
0.9824733983910081,0.28901476735183534
0.6105069294571157,2.967837433751491e-05
0.9269590489427982,0.3835013080324832
0.938799009822916,0.2822012539746898
0.8686665343568216,0.20208981267632264
0.9739653270392847,0.2652652141321955
0.9108674210315076,0.26721008001884894
0.9464453896857141,0.47431199037956073
0.9778193928340579,0.6361214374599554
0.945078538862404,0.41454242770233846
0.9168434476243394,0.34886838010130583
0.9673776011206854,0.5297147720784554
0.9056459623887588,0.06914830268488503
0.943616167302844,0.20389030078749648
0.9729527819207922,0.24536139326078985
0.9185769437502577,0.10317266599655806
0.9649089144268772,0.015323778626141116
0.9357545848966966,0.21977536004552423
nan,nan
0.7570773514990283,0.001427513527893017
0.878510829570518,0.025353279174702363
0.9468289299703898,0.4163682164809952
0.951758604290819,0.35051788185008503
0.9788651030391264,0.3066656870920498
0.9665104219622846,0.33348359322359583
0.954912907513402,0.17443747263512366
0.9618261371884244,0.14856261045896918
0.9476057332823153,0.1814302080177836
0.9563041362654507,0.1756037737301913
0.9745108119211663,0.18631926053905318
0.952227345394046,0.21227809449777912
0.9427939977499254,0.22338786294318083
0.9296478327940223,0.3450084925866194
0.9268582818281361,0.28603945954230087
0.9288417349713177,0.3180644982013894
0.9723901702974056,0.17482455951666653
0.8944202049906708,0.06923829654257052
0.8915251087076101,0.19162595356893958
0.9783556501726832,0.5533132108929818
0.9871542855243935,0.3954723512355296
0.9569910296696611,0.29874124377367955
0.9710209395670348,0.40890594522993545
0.9635585397374687,0.14716687597143385
0.9375401230583964,0.18001750321662302
0.9401578615651056,0.102178563421102
0.954607127311475,0.15956380507734572
0.9698017147065896,0.4126011671897298
0.878609549788753,0.015693628335401808
0.9328903000967697,0.04280446002256684
0.9409506977503312,0.1571953420575909
0.9266838991458219,0.2055658172639066
0.9745438055444979,0.5204436349440988
0.9322555321922492,0.2853019788067507
0.9071273593733,0.14589919674783797
0.9268709518296353,0.2888647069377345
0.9322801206844417,0.27110967910451017
0.9349901452956315,0.3331057858639853
0.9509856516222611,0.4332646688303634
0.9555620933396072,0.17979577971210214
0.9346942602718002,0.03879491842405707
0.9459662127268034,0.08385080455126648
0.9848169212280966,0.3509677938430062
0.9823536730465641,0.522093095220671
0.9792215939055847,0.38794373310749797
0.8909409058273218,0.17703754790487308
0.9547118862292894,0.4339562057365559
0.9534162591522051,0.4246865878631893
0.9504616305223399,0.42317605799472624
0.9550779760383246,0.47986818998893865
0.8969115130926575,0.10259453454881128
0.8591886243481609,0.071684242589996
0.7748320058486996,0.00607584103901616
0.9504584970376886,0.46994234953188435
0.987014364140635,0.00016495510732273148
0.9931207351227839,0.5637251203785508
0.8328551921582467,0.043790279027014274
0.918378127576459,0.02995445272326687
0.8775504003686706,0.06834241459786676
0.9305166043085592,0.0933777843785973
0.9353729368245252,0.04789045637512056
0.9888472815500833,0.6300312767350185
0.9082181361841709,0.0207774664931641
0.9309411821709414,0.017880317057717563
0.8818283850786598,0.055602694649344725
0.8847068775107029,0.03314469085873365
0.9344057113351395,0.04442493655316923
0.9143198520693885,0.048135051701461117
0.9285110031174966,0.24328903540396593
0.919757001633654,0.07148299592401314
0.9330124608259663,0.13570196830232423
0.9301058697005644,0.3273157581531065
0.8974381565387818,0.027943445019077875
0.9140580163789281,0.027816026593230524
0.972596438809948,0.17601397651431933
0.9521014868608136,0.23884139056269202
0.9787322568896166,0.34816471227952833
0.9846440892827937,0.3900070697479306
0.9412573530139347,0.5174420559395051
0.9398291750003971,0.10014987875014073
0.8851447310442715,0.2485112919452364
0.9406897624260329,0.286016593634068
0.9584158214713145,0.4708038876695272
0.9521932484306233,0.506795212956765
0.9518614406778875,0.4817731891485011
0.9590102911483085,0.501395618432976
0.9245373336496133,0.28124929867705756
0.935285848267479,0.2638108401033519
0.9474499857078209,0.32306986974046914
0.9106559672753926,0.45568063136797166
0.9260499333100305,0.4865666883062643
0.9131939159381437,0.2834725727238434
0.9101160045952913,0.2764473254683709
0.9251992851618915,0.1312593029667635
0.9149895351810202,0.2599152809502683
0.9054908224410058,0.2819777224568606
0.8141865307308417,0.07661108162114207
0.8293826686225446,0.042902308899420066
0.9392615508387495,0.4112266549949771
0.8054691538019498,0.061936688531923766
0.7943578524126746,0.07579417426961876
0.9394746282589341,0.28483832651228447
0.9378535511123962,0.3073709449099124
0.9667795063924957,0.4921602525689883
0.9648542006804938,0.19858828069798953
0.9679761609986918,0.30882478132063784
0.8853231702668107,0.28910907729502633
0.8243567485438825,0.07185577698752922
0.9574453327239019,0.1299517443878232
0.8856226863784734,0.2114665997590519
0.9411453471254517,0.489332254305504
0.9386168694578118,0.5429488070746191
0.8561917964931195,0.20123263040086417
0.8721403464569835,0.13527927892225447
0.8176650466537524,0.09616627584981262
0.869945955718795,0.3222664526924744
0.9747722659287661,0.2755533627486382
0.9022242654729811,0.14260262768102466
0.8563396768010715,0.022069622399905335
0.9447122393419948,0.18689327093937627
0.8997417219333879,0.21994253756562954
0.9788046379424636,0.62995471461902
0.9804255670221389,0.4672705579450763
0.9798710047736636,0.5791085168407181
0.9763742431952152,0.6352428927786478
0.9795136021779296,0.4162473108149347
0.9768847010404688,0.22189750350661913
0.9840911330151217,0.5926259259595579
0.9333071076395665,0.40483691995218596
0.9809747969703253,0.5570562960898479
0.977019437608361,0.5562572717556776
0.9769925634108335,0.5847985952196263
0.9795757444744211,0.5134663221174594
0.9816622795836775,0.6056837540765553
0.886665036784116,0.011816603806548004
0.9853280930099774,0.533478826140207
0.9468638554751889,0.42605689471546393
0.9429969784779129,0.07356511706140192
0.9808201486859924,0.5814826241795221
0.9447565128048128,0.4857067984323162
0.9791798482759322,0.1263850857374189
0.9927478391181008,0.7134017605637961
0.9310369497687787,0.37023478140235894
0.9657826640428027,0.12204886879205018
0.983354908697498,0.5400921619016693
0.9757148184307396,0.42807717250891425
0.9697050677325851,0.18017691978738118
0.9835080473703174,0.5808922411193425
0.9372073126870157,0.41585544280665265
0.9464822795687207,0.16556329462883815
0.9616756252322004,0.31051973805415456
0.9472159882932522,0.10868348713328849
0.9415354865532132,0.32173314538004466
0.9775330719255171,0.5708285392448624
0.9764209263276877,0.5833477186623599
0.9748304205380615,0.5649447724241796
0.9766209479499112,0.5779599259212219
0.9712044619865583,0.6233981899728158
0.9722817464484823,0.5358868942983062
0.9684856119491885,0.4509220176708041
0.9243541706058679,0.3748301716158641
0.9792228571472633,0.6131264130756318
0.9827019025716938,0.553629528446958
0.9446016731140815,0.41418185867990687
0.9763362953372967,0.6273977938259623
0.9802368228074607,0.6003986902303011
0.9723325098955446,0.6058801915068732
0.9802525068466511,0.650383482509743
0.9740522142806711,0.6328859002034961
0.9741543735111526,0.599594687820121
0.9758322039463729,0.5878108277077568
0.9705715621162531,0.6389005457798113
0.9735227691434306,0.6312540170347977
0.9863403370514346,0.6676073613992478
0.9790341419199557,0.6323885662293628
0.9965957477007678,0.3014678539362248
0.9789470743890794,0.648182139753588
0.9820223875427229,0.6628083311423849
0.9788716214184334,0.6493894690726241
0.9762639129708796,0.6526220600018293
0.9863594984352231,0.649951989511973
0.9849422214535928,0.6470211973978403
0.9853401468510594,0.6604497107744705
0.9717715680969469,0.6287549674076951
0.9804007696305178,0.6475821666461676
0.9713676424469192,0.6352492221836328
0.9805024799205928,0.6233280948041297
0.9689780239394203,0.6406193152102435
0.9663722645990248,0.6307650444926465
0.9776193661338471,0.6351598449577159
0.9738582848709637,0.6234984384163166
0.9829754870344932,0.6402071656196527
0.98416761721373,0.6352238761596852
0.9833658537680149,0.6271651940807916
0.9825590495254288,0.6306332569614568
0.9774396125169867,0.6588719165479942
0.9949044369942845,0.6632188986042501
0.9728628297418855,0.6288446577763769
0.9744774634006907,0.6263128062311635
0.9691409519364179,0.639737070629262
0.9769125563331817,0.6059964263173448
0.9799236701926491,0.6366446316358959
0.9788108556183588,0.6334435753506695
0.9853105933269124,0.6493336264406419
0.9740794985820748,0.644618925629261
0.9828136490824767,0.6243302069018967
0.9751711056062753,0.609471111536908
0.9876182703021255,0.6671489672990005
0.969208537818474,0.6205214169075661
0.9777748396537956,0.63959857853152
0.9779468445402025,0.5878199226144378
0.972106482183459,0.6893268745652907
0.9831414565783767,0.6609342110132911
0.9846138807980058,0.6559319142496267
0.9836450423594776,0.6139939517644626
0.9190929535046425,0.6571452799028558
0.8417880933436179,0.3289112590765617
0.8559886682087097,0.13810717139538822
0.7694304021733049,0.03905174478047933
0.8332518415331681,0.13221090363528146
0.8679312371282351,0.10145403425923617
0.7981490318723551,0.043234603347644826
0.8322546188584464,0.19909534812592353
0.8759374451874914,0.056422014072055146
0.8385297732151503,0.28491768356258024
0.8539112278370105,0.04039968483896138
0.9475056486551036,0.47695485608164917
0.8250319822607886,0.35868773555572786
0.8692777372606084,0.41115229036294026
0.7458649924390206,0.14730401609227972
0.8374513859357271,0.04321231382475528
0.827396467392373,0.304839004197611
0.8895789308216083,0.6860119604798194
0.9699108217925507,0.8537628420953027
0.8843894547340656,0.2777362738442372
0.8534702739442983,0.09010646109225201
0.8143864749567521,0.07997993639619932
0.9318205455322883,0.6210905343808826
0.7867426485413189,0.19653499100891714
0.842402546555833,0.2150740669116062
0.8322629830547679,0.27702817555396275
0.9132149188871029,0.4597553053832095
0.8063896672076831,0.4663193902105757
0.837236329969179,0.4268366733320891
0.8283801690195114,0.4216715833508996
0.8311378783893868,0.07597632490048431
0.7330500404294479,0.10162353564041984
0.7661450007651577,0.28638237259055743
0.858168636711294,0.526732415246838
0.8755167420210331,0.5520941203097028
0.7781778808220414,0.27720104724517064
0.8580280992361885,0.4956494883894688
0.8641673385576538,0.03736447048483395
0.823364897248141,0.08275108406810866
0.8498808146852856,0.11987259442494863
0.8723717211784882,0.5631150915244597
0.7765730402632891,0.43629178507378624
0.7824419883471134,0.4009403004563693
0.7163429694471658,0.21525963989973063
0.7903585394686868,0.4902421876815988
0.8827834759090802,0.6518104600349579
0.8749896327644081,0.6193259782385527
0.7409582999738586,0.2633597430080351
0.8976714660695837,0.5813002668239295
0.7931471056768248,0.2680127191253292
0.718024333074892,0.2356625064270568
0.9239121480537859,0.615422187358174
0.8262690319159423,0.4803736913039524
0.8103183819605684,0.2537429471975219
0.7332765878204647,0.10759351474920108
0.7991915785970621,0.4651467881429826
0.8684350735638815,0.6664236315604661
0.9156671512381501,0.6780395869647264
0.7563518792456105,0.27592871942252
0.8642329009523763,0.5676180871713542
0.8043963327157294,0.13942366642330056
0.7694869930979086,0.20739207358014083
0.9214443229397798,0.5332912778401122
0.8248092758396578,0.35270813237039966
0.8491469163823138,0.17945807847999767
0.7571587001162171,0.03944222860091673
0.7739031111220089,0.2967763528802885
0.86710874830112,0.5459629083440148
0.9309311636541651,0.6191880012789162
0.7456733652702339,0.2013754947499029
0.9057726015070762,0.5279574932750737
0.8441020751101878,0.10976676698188781
0.7809090401067607,0.15051629089309326
0.8710687239526187,0.4822156362007106
0.8146065758189245,0.46732574217934053
0.8510903420420112,0.3365893982994033
0.7570506988374074,0.17964317546059264
0.7778429404348548,0.44018504164602107
0.8426547715533615,0.5819860699865264
0.9002092980789145,0.656489112728257
0.7622068762385426,0.2931333889585639
0.8713109778670224,0.5595371160507224
0.8048786532762293,0.04737197437041561
0.7928491101242024,0.1362270264795975
0.7797355073253212,0.08442053940375514
0.9168225555865527,0.49032336911229374
0.8240932326497766,0.44509531184791945
0.8423949952819525,0.24944668532941217
0.8601666125755879,0.18093966028546893
0.7655060815103482,0.22925758398326856
0.8578365128193695,0.527005687975673
0.9451063256041397,0.6949041352420078
0.7591420347601284,0.24341970213022696
0.9378546742424287,0.6328731270334123
0.889402067396551,0.15771286233866938
0.7572353649495095,0.017361101005584204
0.8736673078823141,0.5133175317026057
0.7814088898472691,0.44709239557692737
0.772389603643548,0.24863431738497482
0.7230490287095963,0.16118490671197236
0.7745346071283747,0.462876738204845
0.853440543774762,0.6070793749431486
0.9028859150829397,0.6551018604283294
0.7457087252711312,0.2773323622670237
0.7787973327155132,0.10066766846751973
